threshold,wrong_flagged,right_flagged,n_wrong,n_right,youden_j
0.4,0.06818181818181818,0.003963011889035667,88,757,0.06421880629278251
0.41,0.06818181818181818,0.003963011889035667,88,757,0.06421880629278251
0.42,0.09090909090909091,0.003963011889035667,88,757,0.08694607902005524
0.43,0.11363636363636363,0.005284015852047556,88,757,0.10835234778431607
0.44,0.11363636363636363,0.0066050198150594455,88,757,0.10703134382130419
0.45,0.1590909090909091,0.0066050198150594455,88,757,0.15248588927584963
0.46,0.18181818181818182,0.009247027741083224,88,757,0.1725711540770986
0.47,0.19318181818181818,0.010568031704095112,88,757,0.18261378647772306
0.48,0.19318181818181818,0.011889035667107,88,757,0.18129278251471118
0.49,0.20454545454545456,0.011889035667107,88,757,0.19265641887834756
0.5,0.22727272727272727,0.011889035667107,88,757,0.21538369160562026
0.51,0.25,0.019815059445178335,88,757,0.23018494055482167
0.52,0.26136363636363635,0.022457067371202115,88,757,0.23890656899243423
0.53,0.29545454545454547,0.02509907529722589,88,757,0.2703554701573196
0.54,0.3068181818181818,0.026420079260237782,88,757,0.28039810255794406
0.55,0.3181818181818182,0.02906208718626156,88,757,0.2891197309955566
0.56,0.3522727272727273,0.035667107001321,88,757,0.31660562027140626
0.57,0.3977272727272727,0.03963011889035667,88,757,0.35809715383691604
0.58,0.4090909090909091,0.04227212681638045,88,757,0.3668187822745287
0.59,0.42045454545454547,0.04491413474240423,88,757,0.3755404107121412
0.6,0.4318181818181818,0.047556142668428,88,757,0.3842620391497538
0.61,0.45454545454545453,0.05151915455746367,88,757,0.4030262999879909
0.62,0.4772727272727273,0.05416116248348745,88,757,0.42311156478923984
0.63,0.5,0.05680317040951123,88,757,0.4431968295904888
0.64,0.5,0.0607661822985469,88,757,0.4392338177014531
0.65,0.5,0.06869220607661823,88,757,0.43130779392338175
0.66,0.5113636363636364,0.071334214002642,88,757,0.44002942236099435
0.67,0.5227272727272727,0.07661822985468957,88,757,0.44610904287258313
0.68,0.5568181818181818,0.08586525759577279,88,757,0.470952924222409
0.69,0.5681818181818182,0.08850726552179657,88,757,0.4796745526600217
0.7,0.5795454545454546,0.09247027741083223,88,757,0.48707517713462234
0.71,0.5909090909090909,0.095112285336856,88,757,0.49579680557223493
0.72,0.6136363636363636,0.10303830911492734,88,757,0.5105980545214364
0.73,0.6363636363636364,0.11492734478203434,88,757,0.521436291581602
0.74,0.6477272727272727,0.1215323645970938,88,757,0.5261949081301789
0.75,0.6704545454545454,0.12681638044914134,88,757,0.5436381650054041
0.76,0.6818181818181818,0.13474240422721268,88,757,0.5470757775909691
0.77,0.7272727272727273,0.13606340819022458,88,757,0.5912093190825027
0.78,0.7272727272727273,0.142668428005284,88,757,0.5846042992674433
0.79,0.7386363636363636,0.14663143989431968,88,757,0.5920049237420439
0.8,0.75,0.1571994715984148,88,757,0.5928005284015851
0.81,0.7613636363636364,0.17173051519154559,88,757,0.5896331211720908
0.82,0.7840909090909091,0.18229854689564068,88,757,0.6017923621952683
0.83,0.7840909090909091,0.19947159841479525,88,757,0.5846193106761138
0.84,0.8068181818181818,0.2073976221928666,88,757,0.5994205596253152
0.85,0.8295454545454546,0.22721268163804492,88,757,0.6023327729074097
0.86,0.8409090909090909,0.24438573315719947,88,757,0.5965233577518915
0.87,0.8522727272727273,0.2655217965653897,88,757,0.5867509307073375
0.88,0.875,0.30250990752972257,88,757,0.5724900924702774
0.89,0.9090909090909091,0.3394980184940555,88,757,0.5695928905968536
0.9,0.9204545454545454,0.39233817701453105,88,757,0.5281163684400143
0.91,0.9318181818181818,0.45310435931307796,88,757,0.4787138225051038
0.92,0.9545454545454546,0.5614266842800528,88,757,0.39311877026540176
0.93,0.9659090909090909,0.6776750330250991,88,757,0.2882340578839918
0.94,0.9772727272727273,0.7846763540290621,88,757,0.1925963732436652
0.95,0.9886363636363636,0.8678996036988111,88,757,0.1207367599375525
0.96,0.9886363636363636,0.952443857331572,88,757,0.03619250630479165
0.97,1.0,0.9867899603698811,88,757,0.013210039630118908
0.98,1.0,0.9973579920739762,88,757,0.0026420079260237594
0.99,1.0,1.0,88,757,0.0
